IP地址,端口,TLS,数据中心,地区,城市,网络延迟,下载速度
8.217.159.210,2087,true,HKG,Asia Pacific,Hong Kong,58 ms,18717 kB/s
8.217.159.210,2083,true,HKG,Asia Pacific,Hong Kong,57 ms,18657 kB/s
8.210.203.7,2083,true,HKG,Asia Pacific,Hong Kong,62 ms,16945 kB/s
47.242.202.230,2053,true,HKG,Asia Pacific,Hong Kong,58 ms,13398 kB/s
47.238.6.102,2053,true,HKG,Asia Pacific,Hong Kong,59 ms,12426 kB/s
47.242.202.230,2083,true,HKG,Asia Pacific,Hong Kong,58 ms,11532 kB/s
47.238.6.102,2096,true,HKG,Asia Pacific,Hong Kong,59 ms,11098 kB/s
47.76.77.103,8443,true,HKG,Asia Pacific,Hong Kong,70 ms,10446 kB/s
47.243.234.9,2087,true,HKG,Asia Pacific,Hong Kong,58 ms,9340 kB/s
